MM:DD:YYYY hh:mm:ss,Library_Version,Session_type,Device_Number,Battery_Voltage,Motor_Turns,FR,Event,Active_Poke,Left_Poke_Count,Right_Poke_Count,Pellet_Count,Block_Pellet_Count,Retrieval_Time,InterPelletInterval,Poke_Time
5/3/2024 11:33:51,1.16.3,FR1,0,4.17,nan,1,Right,Left,0,1,0,0,nan,nan,0.13
5/3/2024 11:34:52,1.16.3,FR1,0,4.18,nan,1,Left,Left,1,1,0,0,nan,nan,0.00
5/3/2024 11:34:53,1.16.3,FR1,0,4.18,1,1,Pellet,Left,1,1,1,0,0.56,nan,nan
5/3/2024 11:35:09,1.16.3,FR1,0,4.17,nan,1,Right,Left,1,2,1,0,nan,nan,0.09
5/3/2024 11:35:10,1.16.3,FR1,0,4.18,nan,1,Left,Left,2,2,1,0,nan,nan,0.09
5/3/2024 11:35:15,1.16.3,FR1,0,4.18,2,1,Pellet,Left,2,2,2,0,2.21,22,nan
5/3/2024 11:35:20,1.16.3,FR1,0,4.17,nan,1,Left,Left,3,2,2,0,nan,nan,0.09
5/3/2024 11:35:21,1.16.3,FR1,0,4.17,1,1,Pellet,Left,3,2,3,0,0.25,6,nan
5/3/2024 11:35:29,1.16.3,FR1,0,4.17,nan,1,Left,Left,4,2,3,0,nan,nan,0.02
5/3/2024 11:35:32,1.16.3,FR1,0,4.17,nan,1,LeftDuringDispense,Left,5,2,3,0,nan,nan,0.13
5/3/2024 11:35:34,1.16.3,FR1,0,4.18,nan,1,LeftDuringDispense,Left,6,2,3,0,nan,nan,0.08
5/3/2024 11:35:38,1.16.3,FR1,0,4.18,nan,1,RightWithPellet,Left,6,3,3,0,nan,nan,0.04
5/3/2024 11:35:38,1.16.3,FR1,0,4.17,4,1,Pellet,Left,6,3,4,0,0.87,17,nan
5/3/2024 11:35:41,1.16.3,FR1,0,4.18,nan,1,Left,Left,7,3,4,0,nan,nan,0.04
5/3/2024 11:35:46,1.16.3,FR1,0,4.18,nan,1,LeftDuringDispense,Left,8,3,4,0,nan,nan,0.03
5/3/2024 11:35:49,1.16.3,FR1,0,4.17,nan,1,LeftDuringDispense,Left,9,3,4,0,nan,nan,0.19
5/3/2024 11:35:56,1.16.3,FR1,0,4.18,6,1,Pellet,Left,9,3,5,0,2.97,18,nan
5/3/2024 11:35:59,1.16.3,FR1,0,4.17,nan,1,Right,Left,9,4,5,0,nan,nan,0.14
5/3/2024 11:36:02,1.16.3,FR1,0,4.18,nan,1,Right,Left,9,5,5,0,nan,nan,0.40
5/3/2024 11:36:06,1.16.3,FR1,0,4.17,nan,1,Left,Left,10,5,5,0,nan,nan,0.04
5/3/2024 11:36:08,1.16.3,FR1,0,4.17,2,1,Pellet,Left,10,5,6,0,0.56,12,nan
5/3/2024 11:36:28,1.16.3,FR1,0,4.17,nan,1,Left,Left,11,5,6,0,nan,nan,0.01
5/3/2024 11:36:30,1.16.3,FR1,0,4.18,2,1,Pellet,Left,11,5,7,0,1.26,22,nan
5/3/2024 11:36:50,1.16.3,FR1,0,4.18,nan,1,Right,Left,11,6,7,0,nan,nan,0.14
5/3/2024 11:36:54,1.16.3,FR1,0,4.17,nan,1,Right,Left,11,7,7,0,nan,nan,0.12
5/3/2024 11:36:56,1.16.3,FR1,0,4.18,nan,1,Left,Left,12,7,7,0,nan,nan,0.05
5/3/2024 11:36:57,1.16.3,FR1,0,4.18,1,1,Pellet,Left,12,7,8,0,0.50,27,nan
5/3/2024 11:37:07,1.16.3,FR1,0,4.18,nan,1,Right,Left,12,8,8,0,nan,nan,0.11
5/3/2024 11:37:16,1.16.3,FR1,0,4.18,nan,1,Right,Left,12,9,8,0,nan,nan,0.12
5/3/2024 11:37:19,1.16.3,FR1,0,4.17,nan,1,Right,Left,12,10,8,0,nan,nan,0.06
5/3/2024 11:37:23,1.16.3,FR1,0,4.17,nan,1,Left,Left,13,10,8,0,nan,nan,0.12
5/3/2024 11:37:27,1.16.3,FR1,0,4.17,2,1,Pellet,Left,13,10,9,0,1.13,30,nan
5/3/2024 11:37:37,1.16.3,FR1,0,4.18,nan,1,Left,Left,14,10,9,0,nan,nan,0.01
5/3/2024 11:37:38,1.16.3,FR1,0,4.18,1,1,Pellet,Left,14,10,10,0,0.25,11,nan
5/3/2024 11:37:41,1.16.3,FR1,0,4.17,nan,1,Right,Left,14,11,10,0,nan,nan,0.06
5/3/2024 11:37:49,1.16.3,FR1,0,4.17,nan,1,Right,Left,14,12,10,0,nan,nan,0.04
5/3/2024 11:37:52,1.16.3,FR1,0,4.18,nan,1,Left,Left,15,12,10,0,nan,nan,0.04
5/3/2024 11:37:53,1.16.3,FR1,0,4.18,1,1,Pellet,Left,15,12,11,0,0.12,15,nan
5/3/2024 11:38:04,1.16.3,FR1,0,4.18,nan,1,Right,Left,15,13,11,0,nan,nan,0.12
5/3/2024 11:38:11,1.16.3,FR1,0,4.17,nan,1,Left,Left,16,13,11,0,nan,nan,0.03
5/3/2024 11:38:17,1.16.3,FR1,0,4.17,3,1,Pellet,Left,16,13,12,0,1.39,24,nan
5/3/2024 11:38:23,1.16.3,FR1,0,4.18,nan,1,Left,Left,17,13,12,0,nan,nan,0.07
5/3/2024 11:38:24,1.16.3,FR1,0,4.17,1,1,Pellet,Left,17,13,13,0,0.63,7,nan
5/3/2024 11:38:49,1.16.3,FR1,0,4.18,nan,1,Right,Left,17,14,13,0,nan,nan,0.02
5/3/2024 11:38:55,1.16.3,FR1,0,4.18,nan,1,Left,Left,18,14,13,0,nan,nan,0.08
5/3/2024 11:38:58,1.16.3,FR1,0,4.18,1,1,Pellet,Left,18,14,14,0,2.97,34,nan
5/3/2024 11:39:05,1.16.3,FR1,0,4.18,nan,1,Right,Left,18,15,14,0,nan,nan,0.00
5/3/2024 11:39:09,1.16.3,FR1,0,4.18,nan,1,Left,Left,19,15,14,0,nan,nan,0.10
5/3/2024 11:39:11,1.16.3,FR1,0,4.18,1,1,Pellet,Left,19,15,15,0,0.63,13,nan
5/3/2024 11:39:13,1.16.3,FR1,0,4.17,nan,1,Right,Left,19,16,15,0,nan,nan,0.05
5/3/2024 11:39:17,1.16.3,FR1,0,4.18,nan,1,Right,Left,19,17,15,0,nan,nan,0.05
5/3/2024 11:39:17,1.16.3,FR1,0,4.18,nan,1,Right,Left,19,18,15,0,nan,nan,0.00
5/3/2024 11:39:19,1.16.3,FR1,0,4.18,nan,1,Left,Left,20,18,15,0,nan,nan,0.09
5/3/2024 11:39:28,1.16.3,FR1,0,4.17,nan,1,LeftDuringDispense,Left,21,18,15,0,nan,nan,0.07
5/3/2024 11:39:29,1.16.3,FR1,0,4.18,nan,1,LeftDuringDispense,Left,22,18,15,0,nan,nan,0.04
5/3/2024 11:39:32,1.16.3,FR1,0,4.16,nan,1,LeftDuringDispense,Left,23,18,15,0,nan,nan,0.17
5/3/2024 11:39:32,1.16.3,FR1,0,4.17,6,1,Pellet,Left,23,18,16,0,0.12,21,nan
5/3/2024 11:39:34,1.16.3,FR1,0,4.17,nan,1,Left,Left,24,18,16,0,nan,nan,0.10
5/3/2024 11:39:35,1.16.3,FR1,0,4.17,2,1,Pellet,Left,24,18,17,0,0.06,3,nan
5/3/2024 11:39:42,1.16.3,FR1,0,4.18,nan,1,Right,Left,24,19,17,0,nan,nan,0.04
5/3/2024 11:39:45,1.16.3,FR1,0,4.17,nan,1,Left,Left,25,19,17,0,nan,nan,0.02
5/3/2024 11:39:58,1.16.3,FR1,0,4.18,6,1,Pellet,Left,25,19,18,0,1.83,23,nan
5/3/2024 11:40:04,1.16.3,FR1,0,4.17,nan,1,Left,Left,26,19,18,0,nan,nan,0.10
5/3/2024 11:40:07,1.16.3,FR1,0,4.18,2,1,Pellet,Left,26,19,19,0,2.46,9,nan
5/3/2024 11:40:15,1.16.3,FR1,0,4.17,nan,1,Right,Left,26,20,19,0,nan,nan,0.11
5/3/2024 11:40:18,1.16.3,FR1,0,4.18,nan,1,Left,Left,27,20,19,0,nan,nan,0.11
5/3/2024 11:40:21,1.16.3,FR1,0,4.18,1,1,Pellet,Left,27,20,20,0,2.85,14,nan
5/3/2024 11:40:32,1.16.3,FR1,0,4.18,nan,1,Left,Left,28,20,20,0,nan,nan,0.04
5/3/2024 11:40:35,1.16.3,FR1,0,4.18,1,1,Pellet,Left,28,20,21,0,2.34,14,nan
5/3/2024 11:40:51,1.16.3,FR1,0,4.17,nan,1,Left,Left,29,20,21,0,nan,nan,0.11
5/3/2024 11:40:52,1.16.3,FR1,0,4.17,1,1,Pellet,Left,29,20,22,0,0.37,17,nan
5/3/2024 11:41:03,1.16.3,FR1,0,4.17,nan,1,Left,Left,30,20,22,0,nan,nan,0.04
5/3/2024 11:41:05,1.16.3,FR1,0,4.17,1,1,Pellet,Left,30,20,23,0,1.32,13,nan
5/3/2024 11:41:08,1.16.3,FR1,0,4.17,nan,1,Right,Left,30,21,23,0,nan,nan,0.02
5/3/2024 11:41:19,1.16.3,FR1,0,4.17,nan,1,Left,Left,31,21,23,0,nan,nan,0.10
5/3/2024 11:41:20,1.16.3,FR1,0,4.17,1,1,Pellet,Left,31,21,24,0,0.88,15,nan
5/3/2024 11:41:23,1.16.3,FR1,0,4.17,nan,1,Left,Left,32,21,24,0,nan,nan,0.04
5/3/2024 11:41:24,1.16.3,FR1,0,4.17,1,1,Pellet,Left,32,21,25,0,0.37,4,nan
5/3/2024 11:41:38,1.16.3,FR1,0,4.17,nan,1,Left,Left,33,21,25,0,nan,nan,0.05
5/3/2024 11:41:39,1.16.3,FR1,0,4.18,2,1,Pellet,Left,33,21,26,0,0.06,15,nan
5/3/2024 11:41:43,1.16.3,FR1,0,4.18,nan,1,Left,Left,34,21,26,0,nan,nan,0.05
5/3/2024 11:41:44,1.16.3,FR1,0,4.17,2,1,Pellet,Left,34,21,27,0,0.69,5,nan
5/3/2024 11:41:51,1.16.3,FR1,0,4.17,nan,1,Left,Left,35,21,27,0,nan,nan,0.04
5/3/2024 11:41:57,1.16.3,FR1,0,4.18,1,1,Pellet,Left,35,21,28,0,5.64,13,nan
5/3/2024 11:42:03,1.16.3,FR1,0,4.18,nan,1,Right,Left,35,22,28,0,nan,nan,0.08
5/3/2024 11:42:09,1.16.3,FR1,0,4.17,nan,1,Right,Left,35,23,28,0,nan,nan,0.01
5/3/2024 11:42:10,1.16.3,FR1,0,4.17,nan,1,Left,Left,36,23,28,0,nan,nan,0.05
5/3/2024 11:42:22,1.16.3,FR1,0,4.18,6,1,Pellet,Left,36,23,29,0,0.63,25,nan
5/3/2024 11:42:39,1.16.3,FR1,0,4.17,nan,1,Left,Left,37,23,29,0,nan,nan,0.09
5/3/2024 11:42:40,1.16.3,FR1,0,4.18,2,1,Pellet,Left,37,23,30,0,0.44,18,nan
5/3/2024 11:42:51,1.16.3,FR1,0,4.17,nan,1,Left,Left,38,23,30,0,nan,nan,0.13
5/3/2024 11:42:57,1.16.3,FR1,0,4.17,1,1,Pellet,Left,38,23,31,0,5.32,17,nan
5/3/2024 11:42:59,1.16.3,FR1,0,4.18,nan,1,Left,Left,39,23,31,0,nan,nan,0.02
5/3/2024 11:43:01,1.16.3,FR1,0,4.17,1,1,Pellet,Left,39,23,32,0,0.63,4,nan
5/3/2024 11:43:04,1.16.3,FR1,0,4.18,nan,1,Right,Left,39,24,32,0,nan,nan,0.01
5/3/2024 11:43:10,1.16.3,FR1,0,4.17,nan,1,Left,Left,40,24,32,0,nan,nan,0.25
5/3/2024 11:43:13,1.16.3,FR1,0,4.18,1,1,Pellet,Left,40,24,33,0,2.85,12,nan
5/3/2024 11:43:17,1.16.3,FR1,0,4.17,nan,1,Left,Left,41,24,33,0,nan,nan,0.10
5/3/2024 11:43:22,1.16.3,FR1,0,4.17,1,1,Pellet,Left,41,24,34,0,3.42,9,nan
5/3/2024 11:43:24,1.16.3,FR1,0,4.18,nan,1,Left,Left,42,24,34,0,nan,nan,0.06
5/3/2024 11:43:25,1.16.3,FR1,0,4.17,2,1,Pellet,Left,42,24,35,0,0.06,3,nan
5/3/2024 11:43:31,1.16.3,FR1,0,4.17,nan,1,Left,Left,43,24,35,0,nan,nan,0.15
5/3/2024 11:43:34,1.16.3,FR1,0,4.18,1,1,Pellet,Left,43,24,36,0,1.89,9,nan
5/3/2024 11:43:38,1.16.3,FR1,0,4.17,nan,1,Left,Left,44,24,36,0,nan,nan,0.08
5/3/2024 11:43:39,1.16.3,FR1,0,4.18,2,1,Pellet,Left,44,24,37,0,0.06,5,nan
5/3/2024 11:43:44,1.16.3,FR1,0,4.17,nan,1,Left,Left,45,24,37,0,nan,nan,0.10
5/3/2024 11:43:56,1.16.3,FR1,0,4.17,6,1,Pellet,Left,45,24,38,0,0.82,17,nan
5/3/2024 11:44:00,1.16.3,FR1,0,4.18,nan,1,Left,Left,46,24,38,0,nan,nan,0.14
5/3/2024 11:44:01,1.16.3,FR1,0,4.18,2,1,Pellet,Left,46,24,39,0,0.12,5,nan
5/3/2024 11:44:08,1.16.3,FR1,0,4.17,nan,1,Left,Left,47,24,39,0,nan,nan,0.14
5/3/2024 11:44:10,1.16.3,FR1,0,4.18,2,1,Pellet,Left,47,24,40,0,0.69,9,nan
5/3/2024 11:44:17,1.16.3,FR1,0,4.17,nan,1,Left,Left,48,24,40,0,nan,nan,0.03
5/3/2024 11:44:19,1.16.3,FR1,0,4.17,1,1,Pellet,Left,48,24,41,0,0.88,9,nan
5/3/2024 11:44:23,1.16.3,FR1,0,4.17,nan,1,Right,Left,48,25,41,0,nan,nan,0.12
5/3/2024 11:44:30,1.16.3,FR1,0,4.18,nan,1,Left,Left,49,25,41,0,nan,nan,0.17
5/3/2024 11:44:31,1.16.3,FR1,0,4.17,1,1,Pellet,Left,49,25,42,0,0.19,12,nan
5/3/2024 11:44:50,1.16.3,FR1,0,4.17,nan,1,Left,Left,50,25,42,0,nan,nan,0.13
5/3/2024 11:44:52,1.16.3,FR1,0,4.18,1,1,Pellet,Left,50,25,43,0,1.58,21,nan
5/3/2024 11:45:03,1.16.3,FR1,0,4.17,nan,1,Left,Left,51,25,43,0,nan,nan,0.08
5/3/2024 11:45:05,1.16.3,FR1,0,4.17,1,1,Pellet,Left,51,25,44,0,0.50,13,nan
5/3/2024 11:45:09,1.16.3,FR1,0,4.17,nan,1,Left,Left,52,25,44,0,nan,nan,0.01
5/3/2024 11:45:11,1.16.3,FR1,0,4.17,1,1,Pellet,Left,52,25,45,0,1.01,6,nan
5/3/2024 11:45:34,1.16.3,FR1,0,4.17,nan,1,Left,Left,53,25,45,0,nan,nan,0.09
5/3/2024 11:45:35,1.16.3,FR1,0,4.18,2,1,Pellet,Left,53,25,46,0,0.06,24,nan
5/3/2024 11:45:38,1.16.3,FR1,0,4.18,nan,1,Left,Left,54,25,46,0,nan,nan,0.08
5/3/2024 11:45:42,1.16.3,FR1,0,4.18,1,1,Pellet,Left,54,25,47,0,3.42,7,nan
5/3/2024 11:45:44,1.16.3,FR1,0,4.17,nan,1,Left,Left,55,25,47,0,nan,nan,0.05
5/3/2024 11:45:45,1.16.3,FR1,0,4.18,1,1,Pellet,Left,55,25,48,0,0.63,3,nan
5/3/2024 11:45:53,1.16.3,FR1,0,4.17,nan,1,Left,Left,56,25,48,0,nan,nan,0.00
5/3/2024 11:45:56,1.16.3,FR1,0,4.17,1,1,Pellet,Left,56,25,49,0,2.66,11,nan
5/3/2024 11:46:01,1.16.3,FR1,0,4.18,nan,1,Left,Left,57,25,49,0,nan,nan,0.13
5/3/2024 11:46:03,1.16.3,FR1,0,4.18,1,1,Pellet,Left,57,25,50,0,1.01,7,nan
5/3/2024 11:46:11,1.16.3,FR1,0,4.18,nan,1,Left,Left,58,25,50,0,nan,nan,0.11
5/3/2024 11:46:14,1.16.3,FR1,0,4.17,1,1,Pellet,Left,58,25,51,0,1.90,11,nan
5/3/2024 11:46:19,1.16.3,FR1,0,4.18,nan,1,Left,Left,59,25,51,0,nan,nan,0.04
5/3/2024 11:46:19,1.16.3,FR1,0,4.17,nan,1,RightDuringDispense,Left,59,26,51,0,nan,nan,0.01
5/3/2024 11:46:22,1.16.3,FR1,0,4.17,1,1,Pellet,Left,59,26,52,0,2.59,8,nan
5/3/2024 11:46:30,1.16.3,FR1,0,4.17,nan,1,Left,Left,60,26,52,0,nan,nan,0.02
5/3/2024 11:46:31,1.16.3,FR1,0,4.18,2,1,Pellet,Left,60,26,53,0,0.75,9,nan
5/3/2024 11:46:35,1.16.3,FR1,0,4.18,nan,1,Left,Left,61,26,53,0,nan,nan,0.11
5/3/2024 11:46:47,1.16.3,FR1,0,4.17,6,1,Pellet,Left,61,26,54,0,0.44,16,nan
5/3/2024 11:46:58,1.16.3,FR1,0,4.17,nan,1,Left,Left,62,26,54,0,nan,nan,0.13
5/3/2024 11:46:59,1.16.3,FR1,0,4.17,1,1,Pellet,Left,62,26,55,0,0.44,12,nan
5/3/2024 11:47:06,1.16.3,FR1,0,4.17,nan,1,Left,Left,63,26,55,0,nan,nan,0.05
5/3/2024 11:47:09,1.16.3,FR1,0,4.18,1,1,Pellet,Left,63,26,56,0,1.64,10,nan
5/3/2024 11:47:15,1.16.3,FR1,0,4.18,nan,1,Left,Left,64,26,56,0,nan,nan,0.08
5/3/2024 11:47:18,1.16.3,FR1,0,4.17,2,1,Pellet,Left,64,26,57,0,1.07,9,nan
5/3/2024 11:47:27,1.16.3,FR1,0,4.17,nan,1,Right,Left,64,27,57,0,nan,nan,0.13
5/3/2024 11:47:29,1.16.3,FR1,0,4.17,nan,1,Right,Left,64,28,57,0,nan,nan,0.06
5/3/2024 11:47:39,1.16.3,FR1,0,4.17,nan,1,Right,Left,64,29,57,0,nan,nan,0.25
5/3/2024 11:47:40,1.16.3,FR1,0,4.17,nan,1,Right,Left,64,30,57,0,nan,nan,0.12
5/3/2024 11:47:52,1.16.3,FR1,0,4.17,nan,1,Left,Left,65,30,57,0,nan,nan,0.00
5/3/2024 11:47:53,1.16.3,FR1,0,4.17,1,1,Pellet,Left,65,30,58,0,0.37,35,nan
5/3/2024 11:47:56,1.16.3,FR1,0,4.18,nan,1,Left,Left,66,30,58,0,nan,nan,0.16
5/3/2024 11:47:57,1.16.3,FR1,0,4.18,1,1,Pellet,Left,66,30,59,0,0.12,4,nan
5/3/2024 11:48:14,1.16.3,FR1,0,4.17,nan,1,Left,Left,67,30,59,0,nan,nan,0.05
5/3/2024 11:48:17,1.16.3,FR1,0,4.17,1,1,Pellet,Left,67,30,60,0,2.08,20,nan
5/3/2024 11:48:23,1.16.3,FR1,0,4.17,nan,1,Right,Left,67,31,60,0,nan,nan,0.16
5/3/2024 11:48:25,1.16.3,FR1,0,4.17,nan,1,Left,Left,68,31,60,0,nan,nan,0.12
5/3/2024 11:48:27,1.16.3,FR1,0,4.18,1,1,Pellet,Left,68,31,61,0,0.44,10,nan
5/3/2024 11:48:30,1.16.3,FR1,0,4.17,nan,1,Right,Left,68,32,61,0,nan,nan,0.06
5/3/2024 11:48:33,1.16.3,FR1,0,4.18,nan,1,Right,Left,68,33,61,0,nan,nan,0.02
5/3/2024 11:48:34,1.16.3,FR1,0,4.17,nan,1,Left,Left,69,33,61,0,nan,nan,0.08
5/3/2024 11:48:35,1.16.3,FR1,0,4.17,1,1,Pellet,Left,69,33,62,0,0.44,8,nan
5/3/2024 11:48:39,1.16.3,FR1,0,4.18,nan,1,Left,Left,70,33,62,0,nan,nan,0.03
5/3/2024 11:48:41,1.16.3,FR1,0,4.17,1,1,Pellet,Left,70,33,63,0,1.51,6,nan
5/3/2024 11:48:53,1.16.3,FR1,0,4.17,nan,1,Left,Left,71,33,63,0,nan,nan,0.04
5/3/2024 11:48:54,1.16.3,FR1,0,4.17,1,1,Pellet,Left,71,33,64,0,0.63,13,nan
5/3/2024 11:49:02,1.16.3,FR1,0,4.17,nan,1,Left,Left,72,33,64,0,nan,nan,0.22
5/3/2024 11:49:03,1.16.3,FR1,0,4.17,1,1,Pellet,Left,72,33,65,0,0.88,9,nan
5/3/2024 11:49:19,1.16.3,FR1,0,4.17,nan,1,Left,Left,73,33,65,0,nan,nan,0.17
5/3/2024 11:49:20,1.16.3,FR1,0,4.17,1,1,Pellet,Left,73,33,66,0,0.88,17,nan
5/3/2024 11:49:24,1.16.3,FR1,0,4.17,nan,1,Right,Left,73,34,66,0,nan,nan,0.19
5/3/2024 11:49:30,1.16.3,FR1,0,4.18,nan,1,Left,Left,74,34,66,0,nan,nan,0.00
5/3/2024 11:49:33,1.16.3,FR1,0,4.17,1,1,Pellet,Left,74,34,67,0,1.89,13,nan
5/3/2024 11:49:36,1.16.3,FR1,0,4.18,nan,1,Right,Left,74,35,67,0,nan,nan,0.12
5/3/2024 11:49:39,1.16.3,FR1,0,4.17,nan,1,Left,Left,75,35,67,0,nan,nan,0.16
5/3/2024 11:49:40,1.16.3,FR1,0,4.17,1,1,Pellet,Left,75,35,68,0,0.25,7,nan
5/3/2024 11:49:51,1.16.3,FR1,0,4.18,nan,1,Left,Left,76,35,68,0,nan,nan,0.10
5/3/2024 11:49:54,1.16.3,FR1,0,4.17,1,1,Pellet,Left,76,35,69,0,3.16,14,nan
5/3/2024 11:50:00,1.16.3,FR1,0,4.17,nan,1,Right,Left,76,36,69,0,nan,nan,0.14
5/3/2024 11:50:03,1.16.3,FR1,0,4.17,nan,1,Right,Left,76,37,69,0,nan,nan,0.07
5/3/2024 11:50:07,1.16.3,FR1,0,4.18,nan,1,Left,Left,77,37,69,0,nan,nan,0.20
5/3/2024 11:50:09,1.16.3,FR1,0,4.18,1,1,Pellet,Left,77,37,70,0,0.94,15,nan
5/3/2024 11:50:19,1.16.3,FR1,0,4.17,nan,1,Left,Left,78,37,70,0,nan,nan,0.08
5/3/2024 11:50:20,1.16.3,FR1,0,4.17,1,1,Pellet,Left,78,37,71,0,0.06,11,nan
5/3/2024 11:50:32,1.16.3,FR1,0,4.17,nan,1,Left,Left,79,37,71,0,nan,nan,0.03
5/3/2024 11:50:34,1.16.3,FR1,0,4.17,1,1,Pellet,Left,79,37,72,0,1.20,13,nan
5/3/2024 11:50:41,1.16.3,FR1,0,4.16,nan,1,Right,Left,79,38,72,0,nan,nan,0.00
5/3/2024 11:51:08,1.16.3,FR1,0,4.17,nan,1,Left,Left,80,38,72,0,nan,nan,0.15
5/3/2024 11:51:08,1.16.3,FR1,0,4.17,nan,1,RightDuringDispense,Left,80,39,72,0,nan,nan,0.07
5/3/2024 11:51:13,1.16.3,FR1,0,4.17,2,1,Pellet,Left,80,39,73,0,2.34,40,nan
5/3/2024 11:51:24,1.16.3,FR1,0,4.18,nan,1,Left,Left,81,39,73,0,nan,nan,0.10
5/3/2024 11:51:25,1.16.3,FR1,0,4.17,1,1,Pellet,Left,81,39,74,0,0.44,12,nan
5/3/2024 11:51:29,1.16.3,FR1,0,4.17,nan,1,Left,Left,82,39,74,0,nan,nan,0.12
5/3/2024 11:51:33,1.16.3,FR1,0,4.17,1,1,Pellet,Left,82,39,75,0,2.40,7,nan
5/3/2024 11:51:37,1.16.3,FR1,0,4.18,nan,1,Left,Left,83,39,75,0,nan,nan,0.13
5/3/2024 11:51:38,1.16.3,FR1,0,4.17,2,1,Pellet,Left,83,39,76,0,0.31,6,nan
5/3/2024 11:51:45,1.16.3,FR1,0,4.17,nan,1,Left,Left,84,39,76,0,nan,nan,0.05
5/3/2024 11:51:47,1.16.3,FR1,0,4.17,1,1,Pellet,Left,84,39,77,0,1.20,9,nan
5/3/2024 11:51:53,1.16.3,FR1,0,4.17,nan,1,Left,Left,85,39,77,0,nan,nan,0.02
5/3/2024 11:51:54,1.16.3,FR1,0,4.17,2,1,Pellet,Left,85,39,78,0,0.12,7,nan
5/3/2024 11:51:58,1.16.3,FR1,0,4.17,nan,1,Right,Left,85,40,78,0,nan,nan,0.18
5/3/2024 11:52:03,1.16.3,FR1,0,4.17,nan,1,Left,Left,86,40,78,0,nan,nan,0.27
5/3/2024 11:52:04,1.16.3,FR1,0,4.17,1,1,Pellet,Left,86,40,79,0,0.50,10,nan
5/3/2024 11:52:10,1.16.3,FR1,0,4.17,nan,1,Right,Left,86,41,79,0,nan,nan,0.08
5/3/2024 11:52:11,1.16.3,FR1,0,4.17,nan,1,Left,Left,87,41,79,0,nan,nan,0.00
5/3/2024 11:52:15,1.16.3,FR1,0,4.17,1,1,Pellet,Left,87,41,80,0,2.78,11,nan
5/3/2024 11:52:26,1.16.3,FR1,0,4.17,nan,1,Left,Left,88,41,80,0,nan,nan,0.02
5/3/2024 11:52:27,1.16.3,FR1,0,4.18,1,1,Pellet,Left,88,41,81,0,0.19,12,nan
5/3/2024 11:52:28,1.16.3,FR1,0,4.17,nan,1,Left,Left,89,41,81,0,nan,nan,0.02
5/3/2024 11:52:29,1.16.3,FR1,0,4.17,1,1,Pellet,Left,89,41,82,0,0.44,2,nan
5/3/2024 11:52:34,1.16.3,FR1,0,4.17,nan,1,Left,Left,90,41,82,0,nan,nan,0.11
5/3/2024 11:52:37,1.16.3,FR1,0,4.18,1,1,Pellet,Left,90,41,83,0,2.02,8,nan
5/3/2024 11:52:40,1.16.3,FR1,0,4.17,nan,1,Left,Left,91,41,83,0,nan,nan,0.12
5/3/2024 11:52:46,1.16.3,FR1,0,4.17,1,1,Pellet,Left,91,41,84,0,5.76,9,nan
5/3/2024 11:53:02,1.16.3,FR1,0,4.17,nan,1,Left,Left,92,41,84,0,nan,nan,0.12
5/3/2024 11:53:06,1.16.3,FR1,0,4.18,2,1,Pellet,Left,92,41,85,0,1.77,20,nan
5/3/2024 11:53:15,1.16.3,FR1,0,4.17,nan,1,Left,Left,93,41,85,0,nan,nan,0.09
5/3/2024 11:53:21,1.16.3,FR1,0,4.17,1,1,Pellet,Left,93,41,86,0,5.07,15,nan
5/3/2024 11:53:41,1.16.3,FR1,0,4.17,nan,1,Left,Left,94,41,86,0,nan,nan,0.14
5/3/2024 11:53:42,1.16.3,FR1,0,4.18,1,1,Pellet,Left,94,41,87,0,1.01,21,nan
5/3/2024 11:53:54,1.16.3,FR1,0,4.18,nan,1,Left,Left,95,41,87,0,nan,nan,0.02
5/3/2024 11:53:56,1.16.3,FR1,0,4.18,1,1,Pellet,Left,95,41,88,0,1.45,14,nan
5/3/2024 11:54:11,1.16.3,FR1,0,4.17,nan,1,Left,Left,96,41,88,0,nan,nan,0.07
5/3/2024 11:54:12,1.16.3,FR1,0,4.17,1,1,Pellet,Left,96,41,89,0,0.63,16,nan
5/3/2024 11:54:19,1.16.3,FR1,0,4.17,nan,1,Left,Left,97,41,89,0,nan,nan,0.21
5/3/2024 11:54:20,1.16.3,FR1,0,4.17,1,1,Pellet,Left,97,41,90,0,0.50,8,nan
5/3/2024 11:54:29,1.16.3,FR1,0,4.17,nan,1,Left,Left,98,41,90,0,nan,nan,0.07
5/3/2024 11:54:30,1.16.3,FR1,0,4.18,1,1,Pellet,Left,98,41,91,0,0.63,10,nan
5/3/2024 11:54:38,1.16.3,FR1,0,4.17,nan,1,Left,Left,99,41,91,0,nan,nan,0.13
5/3/2024 11:54:41,1.16.3,FR1,0,4.16,2,1,Pellet,Left,99,41,92,0,0.12,11,nan
5/3/2024 11:54:43,1.16.3,FR1,0,4.17,nan,1,Left,Left,100,41,92,0,nan,nan,0.13
5/3/2024 11:54:44,1.16.3,FR1,0,4.17,2,1,Pellet,Left,100,41,93,0,0.06,3,nan
5/3/2024 11:54:47,1.16.3,FR1,0,4.17,nan,1,Left,Left,101,41,93,0,nan,nan,0.19
5/3/2024 11:54:49,1.16.3,FR1,0,4.17,1,1,Pellet,Left,101,41,94,0,1.13,5,nan
5/3/2024 11:55:05,1.16.3,FR1,0,4.17,nan,1,Left,Left,102,41,94,0,nan,nan,0.13
5/3/2024 11:55:08,1.16.3,FR1,0,4.17,1,1,Pellet,Left,102,41,95,0,1.83,19,nan
5/3/2024 11:55:13,1.16.3,FR1,0,4.17,nan,1,Left,Left,103,41,95,0,nan,nan,0.02
5/3/2024 11:55:15,1.16.3,FR1,0,4.17,1,1,Pellet,Left,103,41,96,0,1.32,7,nan
5/3/2024 11:55:25,1.16.3,FR1,0,4.17,nan,1,Left,Left,104,41,96,0,nan,nan,0.07
5/3/2024 11:55:32,1.16.3,FR1,0,4.17,1,1,Pellet,Left,104,41,97,0,6.59,17,nan
5/3/2024 11:55:40,1.16.3,FR1,0,4.17,nan,1,Left,Left,105,41,97,0,nan,nan,0.01
5/3/2024 11:55:42,1.16.3,FR1,0,4.16,1,1,Pellet,Left,105,41,98,0,1.20,10,nan
5/3/2024 11:55:57,1.16.3,FR1,0,4.17,nan,1,Right,Left,105,42,98,0,nan,nan,0.00
5/3/2024 11:56:41,1.16.3,FR1,0,4.18,nan,1,Left,Left,106,42,98,0,nan,nan,0.05
5/3/2024 11:56:43,1.16.3,FR1,0,4.17,1,1,Pellet,Left,106,42,99,0,0.19,60,nan
5/3/2024 11:56:50,1.16.3,FR1,0,4.17,nan,1,Left,Left,107,42,99,0,nan,nan,0.22
5/3/2024 11:56:51,1.16.3,FR1,0,4.17,1,1,Pellet,Left,107,42,100,0,0.37,9,nan
5/3/2024 11:57:08,1.16.3,FR1,0,4.18,nan,1,Right,Left,107,43,100,0,nan,nan,0.02
5/3/2024 11:57:09,1.16.3,FR1,0,4.18,nan,1,Right,Left,107,44,100,0,nan,nan,0.07
5/3/2024 11:57:19,1.16.3,FR1,0,4.18,nan,1,Left,Left,108,44,100,0,nan,nan,0.04
5/3/2024 11:57:20,1.16.3,FR1,0,4.16,nan,1,LeftDuringDispense,Left,109,44,100,0,nan,nan,0.08
5/3/2024 11:57:22,1.16.3,FR1,0,4.17,2,1,Pellet,Left,109,44,101,0,0.31,31,nan
5/3/2024 11:57:25,1.16.3,FR1,0,4.17,nan,1,Right,Left,109,45,101,0,nan,nan,0.15
5/3/2024 11:57:27,1.16.3,FR1,0,4.17,nan,1,Left,Left,110,45,101,0,nan,nan,0.00
5/3/2024 11:57:28,1.16.3,FR1,0,4.18,1,1,Pellet,Left,110,45,102,0,0.19,5,nan
5/3/2024 11:57:32,1.16.3,FR1,0,4.17,nan,1,Left,Left,111,45,102,0,nan,nan,0.15
5/3/2024 11:57:32,1.16.3,FR1,0,4.17,1,1,Pellet,Left,111,45,103,0,0.19,5,nan
5/3/2024 11:57:47,1.16.3,FR1,0,4.18,nan,1,Left,Left,112,45,103,0,nan,nan,0.19
5/3/2024 11:57:48,1.16.3,FR1,0,4.17,1,1,Pellet,Left,112,45,104,0,0.44,16,nan
5/3/2024 11:57:55,1.16.3,FR1,0,4.17,nan,1,Left,Left,113,45,104,0,nan,nan,0.26
5/3/2024 11:57:56,1.16.3,FR1,0,4.17,1,1,Pellet,Left,113,45,105,0,0.63,8,nan
5/3/2024 11:57:59,1.16.3,FR1,0,4.17,nan,1,Left,Left,114,45,105,0,nan,nan,0.16
5/3/2024 11:58:00,1.16.3,FR1,0,4.17,1,1,Pellet,Left,114,45,106,0,0.37,4,nan
5/3/2024 11:58:07,1.16.3,FR1,0,4.18,nan,1,Right,Left,114,46,106,0,nan,nan,0.07
5/3/2024 11:58:08,1.16.3,FR1,0,4.17,nan,1,Right,Left,114,47,106,0,nan,nan,0.04
5/3/2024 11:58:10,1.16.3,FR1,0,4.17,nan,1,Right,Left,114,48,106,0,nan,nan,0.16
5/3/2024 11:58:13,1.16.3,FR1,0,4.18,nan,1,Left,Left,115,48,106,0,nan,nan,0.04
5/3/2024 11:58:16,1.16.3,FR1,0,4.18,1,1,Pellet,Left,115,48,107,0,1.39,16,nan
5/3/2024 11:58:22,1.16.3,FR1,0,4.17,nan,1,Left,Left,116,48,107,0,nan,nan,0.16
5/3/2024 11:58:23,1.16.3,FR1,0,4.17,1,1,Pellet,Left,116,48,108,0,0.19,7,nan
5/3/2024 11:58:26,1.16.3,FR1,0,4.18,nan,1,Left,Left,117,48,108,0,nan,nan,0.04
5/3/2024 11:58:30,1.16.3,FR1,0,4.17,2,1,Pellet,Left,117,48,109,0,1.77,7,nan
5/3/2024 11:59:01,1.16.3,FR1,0,4.17,nan,1,Left,Left,118,48,109,0,nan,nan,0.00
5/3/2024 11:59:03,1.16.3,FR1,0,4.17,1,1,Pellet,Left,118,48,110,0,1.20,33,nan
5/3/2024 11:59:17,1.16.3,FR1,0,4.18,nan,1,Left,Left,119,48,110,0,nan,nan,0.65
5/3/2024 11:59:17,1.16.3,FR1,0,4.18,nan,1,LeftDuringDispense,Left,120,48,110,0,nan,nan,0.27
5/3/2024 11:59:21,1.16.3,FR1,0,4.18,2,1,Pellet,Left,120,48,111,0,0.88,18,nan
5/3/2024 11:59:34,1.16.3,FR1,0,4.17,nan,1,Left,Left,121,48,111,0,nan,nan,0.09
5/3/2024 11:59:37,1.16.3,FR1,0,4.18,2,1,Pellet,Left,121,48,112,0,2.34,16,nan
5/3/2024 11:59:44,1.16.3,FR1,0,4.17,nan,1,Left,Left,122,48,112,0,nan,nan,0.08
5/3/2024 11:59:50,1.16.3,FR1,0,4.17,1,1,Pellet,Left,122,48,113,0,4.69,13,nan
5/3/2024 11:59:53,1.16.3,FR1,0,4.17,nan,1,Left,Left,123,48,113,0,nan,nan,0.05
5/3/2024 12:00:01,1.16.3,FR1,0,4.17,1,1,Pellet,Left,123,48,114,0,7.36,11,nan
5/3/2024 12:00:08,1.16.3,FR1,0,4.18,nan,1,Left,Left,124,48,114,0,nan,nan,0.11
5/3/2024 12:00:10,1.16.3,FR1,0,4.17,2,1,Pellet,Left,124,48,115,0,1.39,9,nan
5/3/2024 12:00:21,1.16.3,FR1,0,4.17,nan,1,Left,Left,125,48,115,0,nan,nan,0.04
5/3/2024 12:00:23,1.16.3,FR1,0,4.17,2,1,Pellet,Left,125,48,116,0,0.50,13,nan
5/3/2024 12:00:55,1.16.3,FR1,0,4.17,nan,1,Left,Left,126,48,116,0,nan,nan,0.03
5/3/2024 12:00:55,1.16.3,FR1,0,4.18,nan,1,LeftDuringDispense,Left,127,48,116,0,nan,nan,0.04
5/3/2024 12:00:56,1.16.3,FR1,0,4.18,nan,1,LeftDuringDispense,Left,128,48,116,0,nan,nan,0.10
5/3/2024 12:01:08,1.16.3,FR1,0,4.17,2,1,Pellet,Left,128,48,117,0,9.77,45,nan
5/3/2024 12:01:26,1.16.3,FR1,0,4.17,nan,1,Left,Left,129,48,117,0,nan,nan,0.04
5/3/2024 12:01:29,1.16.3,FR1,0,4.18,2,1,Pellet,Left,129,48,118,0,0.75,21,nan
5/3/2024 12:01:41,1.16.3,FR1,0,4.17,nan,1,Right,Left,129,49,118,0,nan,nan,0.07
5/3/2024 12:01:46,1.16.3,FR1,0,4.17,nan,1,Right,Left,129,50,118,0,nan,nan,0.07
5/3/2024 12:01:51,1.16.3,FR1,0,4.17,nan,1,Left,Left,130,50,118,0,nan,nan,0.19
5/3/2024 12:01:52,1.16.3,FR1,0,4.18,1,1,Pellet,Left,130,50,119,0,0.50,23,nan
5/3/2024 12:01:59,1.16.3,FR1,0,4.17,nan,1,Left,Left,131,50,119,0,nan,nan,0.05
5/3/2024 12:02:02,1.16.3,FR1,0,4.18,1,1,Pellet,Left,131,50,120,0,2.34,10,nan
5/3/2024 12:02:05,1.16.3,FR1,0,4.17,nan,1,Left,Left,132,50,120,0,nan,nan,0.11
5/3/2024 12:02:06,1.16.3,FR1,0,4.18,1,1,Pellet,Left,132,50,121,0,0.19,4,nan
5/3/2024 12:02:09,1.16.3,FR1,0,4.17,nan,1,Left,Left,133,50,121,0,nan,nan,0.12
5/3/2024 12:02:11,1.16.3,FR1,0,4.17,1,1,Pellet,Left,133,50,122,0,1.07,5,nan
5/3/2024 12:02:17,1.16.3,FR1,0,4.17,nan,1,Right,Left,133,51,122,0,nan,nan,0.00
5/3/2024 12:02:19,1.16.3,FR1,0,4.17,nan,1,Right,Left,133,52,122,0,nan,nan,0.14
5/3/2024 12:02:21,1.16.3,FR1,0,4.17,nan,1,Right,Left,133,53,122,0,nan,nan,0.12
5/3/2024 12:02:22,1.16.3,FR1,0,4.18,nan,1,Right,Left,133,54,122,0,nan,nan,0.19
5/3/2024 12:02:28,1.16.3,FR1,0,4.18,nan,1,Left,Left,134,54,122,0,nan,nan,0.20
5/3/2024 12:02:31,1.16.3,FR1,0,4.17,1,1,Pellet,Left,134,54,123,0,1.90,20,nan
5/3/2024 12:02:38,1.16.3,FR1,0,4.17,nan,1,Right,Left,134,55,123,0,nan,nan,0.03
5/3/2024 12:02:39,1.16.3,FR1,0,4.18,nan,1,Left,Left,135,55,123,0,nan,nan,0.08
5/3/2024 12:02:41,1.16.3,FR1,0,4.17,1,1,Pellet,Left,135,55,124,0,1.07,10,nan
5/3/2024 12:02:46,1.16.3,FR1,0,4.17,nan,1,Right,Left,135,56,124,0,nan,nan,0.03
5/3/2024 12:02:56,1.16.3,FR1,0,4.17,nan,1,Right,Left,135,57,124,0,nan,nan,0.01
5/3/2024 12:03:08,1.16.3,FR1,0,4.17,nan,1,Left,Left,136,57,124,0,nan,nan,0.08
5/3/2024 12:03:10,1.16.3,FR1,0,4.17,1,1,Pellet,Left,136,57,125,0,1.01,29,nan
5/3/2024 12:03:35,1.16.3,FR1,0,4.17,nan,1,Right,Left,136,58,125,0,nan,nan,0.04
5/3/2024 12:03:37,1.16.3,FR1,0,4.17,nan,1,Right,Left,136,59,125,0,nan,nan,0.32
5/3/2024 12:03:46,1.16.3,FR1,0,4.17,nan,1,Left,Left,137,59,125,0,nan,nan,0.02
5/3/2024 12:03:47,1.16.3,FR1,0,4.17,1,1,Pellet,Left,137,59,126,0,0.19,37,nan
5/3/2024 12:03:50,1.16.3,FR1,0,4.17,nan,1,Left,Left,138,59,126,0,nan,nan,0.15
5/3/2024 12:03:51,1.16.3,FR1,0,4.17,1,1,Pellet,Left,138,59,127,0,0.37,4,nan
5/3/2024 12:04:00,1.16.3,FR1,0,4.17,nan,1,Left,Left,139,59,127,0,nan,nan,0.16
5/3/2024 12:04:03,1.16.3,FR1,0,4.18,1,1,Pellet,Left,139,59,128,0,1.77,12,nan
5/3/2024 12:04:11,1.16.3,FR1,0,4.16,nan,1,Left,Left,140,59,128,0,nan,nan,0.15
5/3/2024 12:04:16,1.16.3,FR1,0,4.17,2,1,Pellet,Left,140,59,129,0,2.21,13,nan
5/3/2024 12:04:22,1.16.3,FR1,0,4.17,nan,1,Left,Left,141,59,129,0,nan,nan,0.14
5/3/2024 12:04:23,1.16.3,FR1,0,4.17,1,1,Pellet,Left,141,59,130,0,0.25,7,nan
5/3/2024 12:04:44,1.16.3,FR1,0,4.18,nan,1,Left,Left,142,59,130,0,nan,nan,0.02
5/3/2024 12:04:47,1.16.3,FR1,0,4.18,1,1,Pellet,Left,142,59,131,0,2.40,24,nan
5/3/2024 12:04:57,1.16.3,FR1,0,4.17,nan,1,Left,Left,143,59,131,0,nan,nan,0.04
5/3/2024 12:04:58,1.16.3,FR1,0,4.17,1,1,Pellet,Left,143,59,132,0,0.75,11,nan
5/3/2024 12:05:05,1.16.3,FR1,0,4.17,nan,1,Left,Left,144,59,132,0,nan,nan,0.14
5/3/2024 12:05:07,1.16.3,FR1,0,4.17,1,1,Pellet,Left,144,59,133,0,1.89,9,nan
5/3/2024 12:05:18,1.16.3,FR1,0,4.17,nan,1,Left,Left,145,59,133,0,nan,nan,0.21
5/3/2024 12:05:19,1.16.3,FR1,0,4.18,1,1,Pellet,Left,145,59,134,0,0.75,12,nan
5/3/2024 12:05:23,1.16.3,FR1,0,4.18,nan,1,Left,Left,146,59,134,0,nan,nan,0.04
5/3/2024 12:05:24,1.16.3,FR1,0,4.17,1,1,Pellet,Left,146,59,135,0,0.31,5,nan
5/3/2024 12:05:53,1.16.3,FR1,0,4.17,nan,1,Left,Left,147,59,135,0,nan,nan,0.15
5/3/2024 12:05:55,1.16.3,FR1,0,4.16,1,1,Pellet,Left,147,59,136,0,1.39,31,nan
5/3/2024 12:06:02,1.16.3,FR1,0,4.17,nan,1,Left,Left,148,59,136,0,nan,nan,0.40
5/3/2024 12:06:03,1.16.3,FR1,0,4.18,1,1,Pellet,Left,148,59,137,0,0.44,8,nan
5/3/2024 12:06:34,1.16.3,FR1,0,4.17,nan,1,Left,Left,149,59,137,0,nan,nan,0.04
5/3/2024 12:06:36,1.16.3,FR1,0,4.17,1,1,Pellet,Left,149,59,138,0,1.26,33,nan
5/3/2024 12:06:41,1.16.3,FR1,0,4.17,nan,1,Left,Left,150,59,138,0,nan,nan,0.08
5/3/2024 12:06:42,1.16.3,FR1,0,4.16,1,1,Pellet,Left,150,59,139,0,0.06,6,nan
5/3/2024 12:07:05,1.16.3,FR1,0,4.17,nan,1,Left,Left,151,59,139,0,nan,nan,0.14
5/3/2024 12:07:05,1.16.3,FR1,0,4.17,1,1,Pellet,Left,151,59,140,0,0.06,23,nan
5/3/2024 12:07:08,1.16.3,FR1,0,4.17,nan,1,Left,Left,152,59,140,0,nan,nan,0.12
5/3/2024 12:07:09,1.16.3,FR1,0,4.17,1,1,Pellet,Left,152,59,141,0,0.19,4,nan
5/3/2024 12:07:16,1.16.3,FR1,0,4.17,nan,1,Left,Left,153,59,141,0,nan,nan,0.16
5/3/2024 12:07:17,1.16.3,FR1,0,4.17,1,1,Pellet,Left,153,59,142,0,0.06,7,nan
5/3/2024 12:07:19,1.16.3,FR1,0,4.17,nan,1,Right,Left,153,60,142,0,nan,nan,0.07
5/3/2024 12:07:21,1.16.3,FR1,0,4.17,nan,1,Right,Left,153,61,142,0,nan,nan,0.12
5/3/2024 12:07:22,1.16.3,FR1,0,4.16,nan,1,Right,Left,153,62,142,0,nan,nan,0.15
5/3/2024 12:07:39,1.16.3,FR1,0,4.17,nan,1,Left,Left,154,62,142,0,nan,nan,0.16
5/3/2024 12:07:39,1.16.3,FR1,0,4.17,nan,1,LeftDuringDispense,Left,155,62,142,0,nan,nan,0.02
5/3/2024 12:07:42,1.16.3,FR1,0,4.18,2,1,Pellet,Left,155,62,143,0,0.31,26,nan
5/3/2024 12:07:46,1.16.3,FR1,0,4.17,nan,1,Left,Left,156,62,143,0,nan,nan,0.15
5/3/2024 12:07:47,1.16.3,FR1,0,4.18,1,1,Pellet,Left,156,62,144,0,0.12,5,nan
5/3/2024 12:08:08,1.16.3,FR1,0,4.17,nan,1,Left,Left,157,62,144,0,nan,nan,0.05
5/3/2024 12:08:09,1.16.3,FR1,0,4.17,2,1,Pellet,Left,157,62,145,0,0.25,22,nan
5/3/2024 12:08:14,1.16.3,FR1,0,4.17,nan,1,Right,Left,157,63,145,0,nan,nan,0.07
5/3/2024 12:08:16,1.16.3,FR1,0,4.17,nan,1,Right,Left,157,64,145,0,nan,nan,0.09
5/3/2024 12:08:17,1.16.3,FR1,0,4.17,nan,1,Left,Left,158,64,145,0,nan,nan,0.08
5/3/2024 12:08:20,1.16.3,FR1,0,4.17,1,1,Pellet,Left,158,64,146,0,2.60,11,nan
5/3/2024 12:08:24,1.16.3,FR1,0,4.17,nan,1,Left,Left,159,64,146,0,nan,nan,0.14
5/3/2024 12:08:25,1.16.3,FR1,0,4.17,1,1,Pellet,Left,159,64,147,0,0.06,5,nan
5/3/2024 12:08:42,1.16.3,FR1,0,4.17,nan,1,Left,Left,160,64,147,0,nan,nan,0.15
5/3/2024 12:08:44,1.16.3,FR1,0,4.17,1,1,Pellet,Left,160,64,148,0,1.58,19,nan
5/3/2024 12:08:59,1.16.3,FR1,0,4.17,nan,1,Left,Left,161,64,148,0,nan,nan,0.04
5/3/2024 12:08:59,1.16.3,FR1,0,4.18,nan,1,LeftDuringDispense,Left,162,64,148,0,nan,nan,0.05
5/3/2024 12:09:03,1.16.3,FR1,0,4.17,2,1,Pellet,Left,162,64,149,0,0.50,19,nan
5/3/2024 12:09:10,1.16.3,FR1,0,4.18,nan,1,Left,Left,163,64,149,0,nan,nan,0.05
5/3/2024 12:09:12,1.16.3,FR1,0,4.17,1,1,Pellet,Left,163,64,150,0,0.69,9,nan
5/3/2024 12:09:25,1.16.3,FR1,0,4.17,nan,1,Left,Left,164,64,150,0,nan,nan,0.14
5/3/2024 12:09:26,1.16.3,FR1,0,4.17,1,1,Pellet,Left,164,64,151,0,0.44,14,nan
5/3/2024 12:09:34,1.16.3,FR1,0,4.17,nan,1,Right,Left,164,65,151,0,nan,nan,0.47
5/3/2024 12:09:40,1.16.3,FR1,0,4.17,nan,1,Left,Left,165,65,151,0,nan,nan,0.17
5/3/2024 12:09:41,1.16.3,FR1,0,4.17,1,1,Pellet,Left,165,65,152,0,0.69,15,nan
5/3/2024 12:10:34,1.16.3,FR1,0,4.17,nan,1,Left,Left,166,65,152,0,nan,nan,0.01
5/3/2024 12:10:35,1.16.3,FR1,0,4.17,1,1,Pellet,Left,166,65,153,0,0.19,54,nan
5/3/2024 12:11:19,1.16.3,FR1,0,4.16,nan,1,Left,Left,167,65,153,0,nan,nan,0.06
5/3/2024 12:11:21,1.16.3,FR1,0,4.17,1,1,Pellet,Left,167,65,154,0,0.88,46,nan
5/3/2024 12:11:29,1.16.3,FR1,0,4.18,nan,1,Left,Left,168,65,154,0,nan,nan,0.07
5/3/2024 12:11:30,1.16.3,FR1,0,4.17,1,1,Pellet,Left,168,65,155,0,0.12,9,nan
5/3/2024 12:11:36,1.16.3,FR1,0,4.17,nan,1,Left,Left,169,65,155,0,nan,nan,0.01
5/3/2024 12:11:37,1.16.3,FR1,0,4.18,1,1,Pellet,Left,169,65,156,0,0.18,7,nan
5/3/2024 12:11:54,1.16.3,FR1,0,4.17,nan,1,Left,Left,170,65,156,0,nan,nan,0.06
5/3/2024 12:11:58,1.16.3,FR1,0,4.17,1,1,Pellet,Left,170,65,157,0,3.42,21,nan
5/3/2024 12:12:03,1.16.3,FR1,0,4.17,nan,1,Left,Left,171,65,157,0,nan,nan,0.07
5/3/2024 12:12:04,1.16.3,FR1,0,4.17,1,1,Pellet,Left,171,65,158,0,0.25,6,nan
5/3/2024 12:12:12,1.16.3,FR1,0,4.17,nan,1,Left,Left,172,65,158,0,nan,nan,0.07
5/3/2024 12:12:15,1.16.3,FR1,0,4.17,1,1,Pellet,Left,172,65,159,0,1.96,11,nan
5/3/2024 12:12:38,1.16.3,FR1,0,4.18,nan,1,Left,Left,173,65,159,0,nan,nan,0.14
5/3/2024 12:12:42,1.16.3,FR1,0,4.17,1,1,Pellet,Left,173,65,160,0,3.35,27,nan
5/3/2024 12:12:55,1.16.3,FR1,0,4.17,nan,1,Left,Left,174,65,160,0,nan,nan,0.04
5/3/2024 12:12:56,1.16.3,FR1,0,4.17,1,1,Pellet,Left,174,65,161,0,0.88,14,nan
5/3/2024 12:13:01,1.16.3,FR1,0,4.18,nan,1,Left,Left,175,65,161,0,nan,nan,0.07
5/3/2024 12:13:02,1.16.3,FR1,0,4.17,1,1,Pellet,Left,175,65,162,0,0.31,6,nan
5/3/2024 12:13:07,1.16.3,FR1,0,4.17,nan,1,Left,Left,176,65,162,0,nan,nan,0.03
5/3/2024 12:13:08,1.16.3,FR1,0,4.17,1,1,Pellet,Left,176,65,163,0,0.63,6,nan
5/3/2024 12:13:11,1.16.3,FR1,0,4.17,nan,1,Right,Left,176,66,163,0,nan,nan,0.03
5/3/2024 12:13:29,1.16.3,FR1,0,4.17,nan,1,Right,Left,176,67,163,0,nan,nan,0.35
5/3/2024 12:14:08,1.16.3,FR1,0,4.17,nan,1,Left,Left,177,67,163,0,nan,nan,0.16
5/3/2024 12:14:10,1.16.3,FR1,0,4.17,1,1,Pellet,Left,177,67,164,0,1.32,62,nan
5/3/2024 12:14:25,1.16.3,FR1,0,4.17,nan,1,Left,Left,178,67,164,0,nan,nan,0.63
5/3/2024 12:14:27,1.16.3,FR1,0,4.17,1,1,Pellet,Left,178,67,165,0,1.13,17,nan
5/3/2024 12:15:21,1.16.3,FR1,0,4.17,nan,1,Left,Left,179,67,165,0,nan,nan,0.13
5/3/2024 12:15:23,1.16.3,FR1,0,4.17,1,1,Pellet,Left,179,67,166,0,1.01,55,nan
5/3/2024 12:15:26,1.16.3,FR1,0,4.17,nan,1,Left,Left,180,67,166,0,nan,nan,0.09
5/3/2024 12:15:28,1.16.3,FR1,0,4.17,1,1,Pellet,Left,180,67,167,0,1.51,6,nan
5/3/2024 12:15:36,1.16.3,FR1,0,4.17,nan,1,Left,Left,181,67,167,0,nan,nan,0.10
5/3/2024 12:15:37,1.16.3,FR1,0,4.18,1,1,Pellet,Left,181,67,168,0,0.19,9,nan
5/3/2024 12:16:04,1.16.3,FR1,0,4.17,nan,1,Left,Left,182,67,168,0,nan,nan,0.04
5/3/2024 12:16:05,1.16.3,FR1,0,4.17,nan,1,LeftDuringDispense,Left,183,67,168,0,nan,nan,0.04
5/3/2024 12:16:08,1.16.3,FR1,0,4.17,2,1,Pellet,Left,183,67,169,0,0.75,31,nan
5/3/2024 12:16:14,1.16.3,FR1,0,4.17,nan,1,Left,Left,184,67,169,0,nan,nan,0.35
5/3/2024 12:16:16,1.16.3,FR1,0,4.17,1,1,Pellet,Left,184,67,170,0,0.82,8,nan
5/3/2024 12:16:20,1.16.3,FR1,0,4.17,nan,1,Left,Left,185,67,170,0,nan,nan,0.04
5/3/2024 12:16:21,1.16.3,FR1,0,4.17,1,1,Pellet,Left,185,67,171,0,0.25,5,nan
5/3/2024 12:16:25,1.16.3,FR1,0,4.17,nan,1,Left,Left,186,67,171,0,nan,nan,0.15
5/3/2024 12:16:26,1.16.3,FR1,0,4.17,1,1,Pellet,Left,186,67,172,0,0.44,5,nan
5/3/2024 12:16:33,1.16.3,FR1,0,4.18,nan,1,Left,Left,187,67,172,0,nan,nan,0.20
5/3/2024 12:16:35,1.16.3,FR1,0,4.17,1,1,Pellet,Left,187,67,173,0,0.94,9,nan
5/3/2024 12:16:52,1.16.3,FR1,0,4.17,nan,1,Right,Left,187,68,173,0,nan,nan,0.07
5/3/2024 12:16:54,1.16.3,FR1,0,4.17,nan,1,Right,Left,187,69,173,0,nan,nan,0.08
5/3/2024 12:16:57,1.16.3,FR1,0,4.17,nan,1,Right,Left,187,70,173,0,nan,nan,0.06
5/3/2024 12:17:00,1.16.3,FR1,0,4.17,nan,1,Right,Left,187,71,173,0,nan,nan,0.12
5/3/2024 12:17:02,1.16.3,FR1,0,4.17,nan,1,Right,Left,187,72,173,0,nan,nan,0.07
5/3/2024 12:17:06,1.16.3,FR1,0,4.17,nan,1,Right,Left,187,73,173,0,nan,nan,0.16
5/3/2024 12:17:07,1.16.3,FR1,0,4.17,nan,1,Left,Left,188,73,173,0,nan,nan,0.08
5/3/2024 12:17:10,1.16.3,FR1,0,4.17,2,1,Pellet,Left,188,73,174,0,0.37,35,nan
5/3/2024 12:17:20,1.16.3,FR1,0,4.17,nan,1,Right,Left,188,74,174,0,nan,nan,0.15
5/3/2024 12:17:30,1.16.3,FR1,0,4.17,nan,1,Right,Left,188,75,174,0,nan,nan,0.22
5/3/2024 12:18:21,1.16.3,FR1,0,4.17,nan,1,Left,Left,189,75,174,0,nan,nan,0.09
5/3/2024 12:18:34,1.16.3,FR1,0,4.17,2,1,Pellet,Left,189,75,175,0,10.79,84,nan
5/3/2024 12:19:22,1.16.3,FR1,0,4.17,nan,1,Left,Left,190,75,175,0,nan,nan,0.26
5/3/2024 12:19:23,1.16.3,FR1,0,4.17,1,1,Pellet,Left,190,75,176,0,0.25,49,nan
5/3/2024 12:19:46,1.16.3,FR1,0,4.17,nan,1,Right,Left,190,76,176,0,nan,nan,0.18
5/3/2024 12:19:55,1.16.3,FR1,0,4.17,nan,1,Left,Left,191,76,176,0,nan,nan,0.08
5/3/2024 12:19:56,1.16.3,FR1,0,4.17,1,1,Pellet,Left,191,76,177,0,0.25,33,nan
5/3/2024 12:20:18,1.16.3,FR1,0,4.17,nan,1,Left,Left,192,76,177,0,nan,nan,0.14
5/3/2024 12:20:20,1.16.3,FR1,0,4.18,2,1,Pellet,Left,192,76,178,0,0.88,24,nan
5/3/2024 12:20:24,1.16.3,FR1,0,4.17,nan,1,Left,Left,193,76,178,0,nan,nan,0.17
5/3/2024 12:20:25,1.16.3,FR1,0,4.17,1,1,Pellet,Left,193,76,179,0,0.19,5,nan
5/3/2024 12:20:28,1.16.3,FR1,0,4.17,nan,1,Right,Left,193,77,179,0,nan,nan,0.08
5/3/2024 12:20:30,1.16.3,FR1,0,4.17,nan,1,Left,Left,194,77,179,0,nan,nan,0.14
5/3/2024 12:20:33,1.16.3,FR1,0,4.17,1,1,Pellet,Left,194,77,180,0,2.72,8,nan
5/3/2024 12:20:42,1.16.3,FR1,0,4.18,nan,1,Right,Left,194,78,180,0,nan,nan,0.03
5/3/2024 12:20:48,1.16.3,FR1,0,4.17,nan,1,Left,Left,195,78,180,0,nan,nan,0.02
5/3/2024 12:20:49,1.16.3,FR1,0,4.17,1,1,Pellet,Left,195,78,181,0,0.25,16,nan
5/3/2024 12:20:58,1.16.3,FR1,0,4.17,nan,1,Left,Left,196,78,181,0,nan,nan,0.10
5/3/2024 12:21:00,1.16.3,FR1,0,4.17,1,1,Pellet,Left,196,78,182,0,1.07,11,nan
5/3/2024 12:21:10,1.16.3,FR1,0,4.17,nan,1,Right,Left,196,79,182,0,nan,nan,0.12
5/3/2024 12:21:12,1.16.3,FR1,0,4.17,nan,1,Left,Left,197,79,182,0,nan,nan,0.08
5/3/2024 12:21:13,1.16.3,FR1,0,4.17,1,1,Pellet,Left,197,79,183,0,0.56,13,nan
5/3/2024 12:21:15,1.16.3,FR1,0,4.17,nan,1,Left,Left,198,79,183,0,nan,nan,0.05
5/3/2024 12:21:16,1.16.3,FR1,0,4.17,1,1,Pellet,Left,198,79,184,0,0.31,3,nan
5/3/2024 12:21:43,1.16.3,FR1,0,4.17,nan,1,Left,Left,199,79,184,0,nan,nan,0.04
5/3/2024 12:21:45,1.16.3,FR1,0,4.17,1,1,Pellet,Left,199,79,185,0,0.94,29,nan
5/3/2024 12:21:51,1.16.3,FR1,0,4.17,nan,1,Left,Left,200,79,185,0,nan,nan,0.02
5/3/2024 12:21:55,1.16.3,FR1,0,4.17,1,1,Pellet,Left,200,79,186,0,2.98,10,nan
5/3/2024 12:22:00,1.16.3,FR1,0,4.18,nan,1,Left,Left,201,79,186,0,nan,nan,0.03
5/3/2024 12:22:02,1.16.3,FR1,0,4.17,1,1,Pellet,Left,201,79,187,0,1.07,7,nan
5/3/2024 12:22:30,1.16.3,FR1,0,4.17,nan,1,Left,Left,202,79,187,0,nan,nan,0.30
5/3/2024 12:22:31,1.16.3,FR1,0,4.17,1,1,Pellet,Left,202,79,188,0,0.31,29,nan
5/3/2024 12:22:48,1.16.3,FR1,0,4.17,nan,1,Left,Left,203,79,188,0,nan,nan,0.03
5/3/2024 12:22:57,1.16.3,FR1,0,4.17,1,1,Pellet,Left,203,79,189,0,8.25,26,nan
5/3/2024 12:23:05,1.16.3,FR1,0,4.17,nan,1,Right,Left,203,80,189,0,nan,nan,0.00
5/3/2024 12:23:27,1.16.3,FR1,0,4.17,nan,1,Left,Left,204,80,189,0,nan,nan,0.07
5/3/2024 12:23:28,1.16.3,FR1,0,4.17,1,1,Pellet,Left,204,80,190,0,0.37,31,nan
5/3/2024 12:23:32,1.16.3,FR1,0,4.17,nan,1,Left,Left,205,80,190,0,nan,nan,0.14
5/3/2024 12:23:33,1.16.3,FR1,0,4.17,1,1,Pellet,Left,205,80,191,0,0.37,5,nan
5/3/2024 12:23:46,1.16.3,FR1,0,4.17,nan,1,Left,Left,206,80,191,0,nan,nan,0.14
5/3/2024 12:23:48,1.16.3,FR1,0,4.17,1,1,Pellet,Left,206,80,192,0,0.88,15,nan
5/3/2024 12:24:02,1.16.3,FR1,0,4.17,nan,1,Right,Left,206,81,192,0,nan,nan,0.24
5/3/2024 12:24:10,1.16.3,FR1,0,4.17,nan,1,Left,Left,207,81,192,0,nan,nan,0.12
5/3/2024 12:24:11,1.16.3,FR1,0,4.17,2,1,Pellet,Left,207,81,193,0,0.25,23,nan
5/3/2024 12:24:16,1.16.3,FR1,0,4.17,nan,1,Right,Left,207,82,193,0,nan,nan,0.08
5/3/2024 12:24:46,1.16.3,FR1,0,4.17,nan,1,Left,Left,208,82,193,0,nan,nan,0.04
5/3/2024 12:24:47,1.16.3,FR1,0,4.17,1,1,Pellet,Left,208,82,194,0,0.44,36,nan
5/3/2024 12:25:11,1.16.3,FR1,0,4.17,nan,1,Left,Left,209,82,194,0,nan,nan,0.11
5/3/2024 12:25:12,1.16.3,FR1,0,4.17,1,1,Pellet,Left,209,82,195,0,0.06,25,nan
5/3/2024 12:25:31,1.16.3,FR1,0,4.17,nan,1,Left,Left,210,82,195,0,nan,nan,0.07
5/3/2024 12:25:34,1.16.3,FR1,0,4.17,1,1,Pellet,Left,210,82,196,0,2.66,22,nan
5/3/2024 12:25:37,1.16.3,FR1,0,4.18,nan,1,Right,Left,210,83,196,0,nan,nan,0.15
5/3/2024 12:25:52,1.16.3,FR1,0,4.17,nan,1,Left,Left,211,83,196,0,nan,nan,0.24
5/3/2024 12:25:53,1.16.3,FR1,0,4.18,1,1,Pellet,Left,211,83,197,0,0.82,19,nan
5/3/2024 12:26:05,1.16.3,FR1,0,4.16,nan,1,Left,Left,212,83,197,0,nan,nan,0.05
5/3/2024 12:26:27,1.16.3,FR1,0,4.17,2,1,Pellet,Left,212,83,198,0,19.52,34,nan
5/3/2024 12:27:13,1.16.3,FR1,0,4.18,nan,1,Left,Left,213,83,198,0,nan,nan,0.19
5/3/2024 12:27:13,1.16.3,FR1,0,4.17,1,1,Pellet,Left,213,83,199,0,0.06,46,nan
5/3/2024 12:28:54,1.16.3,FR1,0,4.17,nan,1,Right,Left,213,84,199,0,nan,nan,0.74
5/3/2024 12:31:45,1.16.3,FR1,0,4.17,nan,1,Left,Left,214,84,199,0,nan,nan,0.15
5/3/2024 12:31:49,1.16.3,FR1,0,4.17,2,1,Pellet,Left,214,84,200,0,2.91,276,nan
5/3/2024 12:32:13,1.16.3,FR1,0,4.17,nan,1,Left,Left,215,84,200,0,nan,nan,0.00
5/3/2024 12:32:17,1.16.3,FR1,0,4.18,1,1,Pellet,Left,215,84,201,0,2.66,28,nan
5/3/2024 12:32:22,1.16.3,FR1,0,4.17,nan,1,Left,Left,216,84,201,0,nan,nan,0.09
5/3/2024 12:32:23,1.16.3,FR1,0,4.17,1,1,Pellet,Left,216,84,202,0,0.44,6,nan
5/3/2024 12:32:37,1.16.3,FR1,0,4.17,nan,1,Right,Left,216,85,202,0,nan,nan,0.05
5/3/2024 12:32:47,1.16.3,FR1,0,4.17,nan,1,Left,Left,217,85,202,0,nan,nan,0.16
5/3/2024 12:32:48,1.16.3,FR1,0,4.17,1,1,Pellet,Left,217,85,203,0,0.25,25,nan
5/3/2024 12:32:54,1.16.3,FR1,0,4.18,nan,1,Left,Left,218,85,203,0,nan,nan,0.09
5/3/2024 12:32:56,1.16.3,FR1,0,4.17,1,1,Pellet,Left,218,85,204,0,0.69,8,nan
5/3/2024 12:34:18,1.16.3,FR1,0,4.17,nan,1,Right,Left,218,86,204,0,nan,nan,0.10
5/3/2024 12:34:25,1.16.3,FR1,0,4.17,nan,1,Left,Left,219,86,204,0,nan,nan,0.07
5/3/2024 12:34:25,1.16.3,FR1,0,4.17,nan,1,LeftDuringDispense,Left,220,86,204,0,nan,nan,0.05
5/3/2024 12:34:26,1.16.3,FR1,0,4.17,1,1,Pellet,Left,220,86,205,0,0.82,90,nan
5/3/2024 12:35:05,1.16.3,FR1,0,4.17,nan,1,Right,Left,220,87,205,0,nan,nan,0.79
5/3/2024 12:35:20,1.16.3,FR1,0,4.17,nan,1,Left,Left,221,87,205,0,nan,nan,0.05
5/3/2024 12:35:21,1.16.3,FR1,0,4.17,nan,1,LeftDuringDispense,Left,222,87,205,0,nan,nan,0.09
5/3/2024 12:35:27,1.16.3,FR1,0,4.17,2,1,Pellet,Left,222,87,206,0,3.80,61,nan
